Year,PNL
2019,-75240.84529564879
2020,5526185.091152286
2021,2147654.96377071
2022,2519907.286815311
2023,1843120.538159285
2024,-1106304.9886261292
